"id","picture"
"047a5bb3-255e-499f-915c-e9b359bffaab","1.jpeg"
"0814fadc-dc2b-4683-9d21-0bba684974af","2.jpeg"
"09e424dc-264b-4df9-8693-9891391bd69b","3.jpeg"
"0c08dfee-eb26-4043-b12b-c2c2a3441307","4.jpeg"
"0c7476fa-09a1-4f55-9040-f1668890cfab","5.jpeg"
"0d19db2d-6a95-4b64-abec-358d81670a43","6.jpeg"
"0ecd1faf-f50d-4a8d-b4c0-326989e4c7b0","7.jpeg"
"155cd0c3-8a8e-4c07-9bc9-b0e67aeeaf72","8.jpeg"
"17d3d25c-8a21-47db-b803-0644a49d328f","9.jpeg"
"29baa5e8-34bd-40bc-b61a-181f333f5982","10.jpeg"
"2ab2c175-9d72-492b-8b45-58db98e5c7e1","11.jpeg"
"31fa31f5-2859-405e-89ed-95846de3ed9f","12.jpeg"
"4e2c3705-e6d7-4b25-9644-a493ee4bdfef","13.jpeg"
"53f799ed-aaa8-4660-b37f-b54748f54888","14.jpeg"
"5425cafd-0696-4094-9e36-584f08f6d8a6","11.jpeg"
"549e29e6-2c1e-4565-8d3d-960c772aa031","15.jpeg"
"5d429a83-c71d-416f-8a66-c0cebad05481","16.jpeg"
"5dd224ac-719c-4b94-a493-963558366fb1","17.jpeg"
"5fdd4e63-c481-4439-b27c-56e938ec30ea","18.jpeg"
"6697fe7b-982a-4859-8a10-608104810a94","14.jpeg"
"6a0a7011-2164-4462-af10-e8436177cde3","15.jpeg"
"6bc76254-5859-40a8-a687-8ad0b38f892b","19.jpeg"
"75238389-b60f-4a7e-9b76-500d582cb3fb","6.jpeg"
"7750a3dd-77f0-45cb-9ce6-3e2de73a823d","20.jpeg"
"77589d77-0eb8-463e-b85d-aed833babd43","21.jpeg"
"7779a5b4-459a-43e8-ba84-b00d7b58db02","22.jpeg"
"78d6eed2-3a59-4d29-818a-5c648e998995","17.jpeg"
"7a1200b9-5533-4547-9794-fbf91da5697c","8.jpeg"
"7af05799-388c-4b22-9297-b8177b1a1730","23.jpeg"
"82dcc0e9-ad95-493f-a452-8c5a89ff0142","24.jpeg"
"87ea505e-2af9-4477-aaab-9eb4e282e2c1","25.jpeg"
"8d160f95-7c46-42c3-9605-0d803acc0ba6","26.jpeg"
"8e7415e8-b593-40e9-83c0-83a2b7d539cd","27.jpeg"
"8eb77480-cd90-4adf-a44d-030cf56c58dc","28.jpeg"
"930d37ef-6159-4d7c-ad9f-6dc499769fce","29.jpeg"
"93ac411c-57e3-4f1a-bf0a-3f8d05b05116","8.jpeg"
"9409dd7f-b979-41b0-a414-4f47d53de2cd","6.jpeg"
"955c856a-6f15-4f91-b86f-e1a85bb95c9b","11.jpeg"
"98cfa16e-b433-47c2-8b7d-c258c33ae5c1","30.jpeg"
"9d34314e-63e1-45a9-9fa9-b84181d7e219","31.jpeg"
"a1312f02-30bf-488a-9f4d-f9bcf87cdb15","32.jpeg"
"b0cb4071-ce8f-4c40-b307-616ac15e2447","29.jpeg"
"b3bba990-6777-4639-8187-b2e4c15bbd89","33.jpeg"
"bb9d1797-d2d9-4230-b39e-3860205e43d9","34.jpeg"
"bf1d8799-5fc6-40dd-8752-536eeb138c0e","35.jpeg"
"cacecec7-f61b-4ca9-927b-4b84821e579a","36.jpeg"
"d1ef6703-c7c3-4b1d-a905-0511058bc660","37.jpeg"
"da5b3bb4-841b-4701-9e7d-cff6a8cfe481","38.jpeg"
"dd7cfd78-9d0d-4f8a-bfdf-ec812971fa2d","39.jpeg"
"e234805d-c681-4d53-b70e-6641ed5d5df7","6.jpeg"
"e385de97-2e48-473f-bd02-e7265150f976","40.jpeg"
"e4303c98-b089-40fe-8bcc-05e7b7310218","41.jpeg"
"ec13f123-db12-4457-b471-8f0cc1e6e33d","42.jpeg"
"ed594027-a692-468b-963d-0dee899f4630","43.jpeg"
"f2305d1e-ee4c-4d18-b346-b1d2ce0c4e29","44.jpeg"
"fb1cd847-0e9b-4c41-9762-85116e8dbc9b","45.jpeg"
"ff87ee6f-46c3-41d2-aca4-250ff054f2e0","46.jpeg"
"5c273791-b03c-42bf-b810-827c6ded6828","2.jpeg"